work_year,experience_level,employment_type,job_title,domain,salary,salary_currency,salary_in_usd,employee_residence,remote_ratio,company_location,company_size,company_country
2020,MI,FT,Data Scientist,Data Science,70000,EUR,79833,DE,0,DE,L,Germany
2020,MI,FT,Data Engineering Manager,Data Engineering,51999,EUR,59303,DE,100,DE,S,Germany
2020,EN,PT,ML Engineer,Machine Learning Engineering,14000,EUR,15966,DE,100,DE,S,Germany
2020,EN,FT,Data Engineer,Data Engineering,48000,EUR,54742,PK,100,DE,L,Germany
2020,SE,FT,Principal Data Scientist,Data Science,130000,EUR,148261,DE,100,DE,M,Germany
2020,EN,FT,Data Scientist,Data Science,55000,EUR,62726,DE,50,DE,S,Germany
2020,EN,FT,Data Scientist,Data Science,43200,EUR,49268,DE,0,DE,S,Germany
2021,SE,FT,Data Analytics Engineer,Data Engineering,67000,EUR,79197,DE,100,DE,L,Germany
2021,EN,FT,Data Science Consultant,Data Science,65000,EUR,76833,DE,100,DE,S,Germany
2021,SE,FT,Machine Learning Engineer,Machine Learning Engineering,80000,EUR,94564,DE,50,DE,L,Germany
2021,EN,FT,Data Science Consultant,Data Science,54000,EUR,63831,DE,50,DE,L,Germany
2021,EX,FT,Director of Data Science,Data Science,110000,EUR,130026,DE,50,DE,M,Germany
2021,MI,FT,Data Scientist,Data Science,76760,EUR,90734,DE,50,DE,L,Germany
2021,EN,FT,Machine Learning Engineer,Machine Learning Engineering,21000,EUR,24823,DE,50,DE,M,Germany
2021,MI,FT,Data Scientist,Data Science,76760,EUR,90734,DE,50,DE,L,Germany
2021,MI,FT,Data Scientist,Data Science,75000,EUR,88654,DE,50,DE,L,Germany
2021,SE,FT,Principal Data Scientist,Data Science,147000,EUR,173762,DE,100,DE,M,Germany
2021,EX,FT,Director of Data Science,Data Science,120000,EUR,141846,DE,0,DE,L,Germany
2021,SE,FT,Data Analyst,Data Analysis,54000,EUR,63831,DE,50,DE,L,Germany
2021,MI,FT,Data Scientist,Data Science,21600,EUR,25532,RS,100,DE,S,Germany
2021,EN,FT,Data Engineer,Data Engineering,55000,EUR,65013,DE,50,DE,M,Germany
2021,EN,FT,Data Science Consultant,Data Science,65000,EUR,76833,DE,0,DE,L,Germany
2021,EN,FT,Machine Learning Engineer,Machine Learning Engineering,85000,USD,85000,NL,100,DE,S,Germany
2022,MI,FT,Machine Learning Engineer,Machine Learning Engineering,80000,EUR,87932,FR,100,DE,M,Germany
2022,SE,FT,Lead Machine Learning Engineer,Machine Learning Engineering,80000,EUR,87932,DE,0,DE,M,Germany
2022,MI,PT,Data Engineer,Data Engineering,50000,EUR,54957,DE,50,DE,L,Germany
2022,SE,FT,Principal Data Scientist,Data Science,148000,EUR,162674,DE,100,DE,M,Germany
2022,EN,FT,Data Engineer,Data Engineering,52800,EUR,58035,PK,100,DE,M,Germany
2020,SE,FT,Machine Learning Scientist,Machine Learning Engineering,260000,USD,260000,JP,0,JP,S,Japan
2020,EN,FT,Data Engineer,Data Engineering,4450000,JPY,41689,JP,100,JP,S,Japan
2021,MI,FT,ML Engineer,Machine Learning Engineering,7000000,JPY,63711,JP,50,JP,S,Japan
2021,MI,FT,ML Engineer,Machine Learning Engineering,8500000,JPY,77364,JP,50,JP,S,Japan
2021,SE,FT,Director of Data Science,Data Science,168000,USD,168000,JP,0,JP,S,Japan
2021,MI,FT,Machine Learning Engineer,Machine Learning Engineering,74000,USD,74000,JP,50,JP,S,Japan
2020,SE,FT,Big Data Engineer,Data Engineering,85000,GBP,109024,GB,50,GB,M,United Kingdom
2020,SE,FT,Big Data Engineer,Data Engineering,100000,EUR,114047,PL,100,GB,S,United Kingdom
2020,MI,FT,Data Engineer,Data Engineering,88000,GBP,112872,GB,50,GB,L,United Kingdom
2020,MI,FT,Data Scientist,Data Science,60000,GBP,76958,GB,100,GB,S,United Kingdom
2021,EN,FT,Research Scientist,Research,60000,GBP,82528,GB,50,GB,L,United Kingdom
2021,MI,FT,Data Analyst,Data Analysis,37456,GBP,51519,GB,50,GB,L,United Kingdom
2021,SE,FT,Director of Data Engineering,Data Engineering,82500,GBP,113476,GB,100,GB,M,United Kingdom
2021,SE,FT,Lead Data Engineer,Data Engineering,75000,GBP,103160,GB,100,GB,S,United Kingdom
2021,EN,FT,Applied Data Scientist,Data Science,80000,GBP,110037,GB,0,GB,L,United Kingdom
2021,MI,FT,Data Engineer,Data Engineering,60000,GBP,82528,GB,100,GB,L,United Kingdom
2021,SE,FT,Finance Data Analyst,Data Analysis,45000,GBP,61896,GB,50,GB,L,United Kingdom
2021,SE,FT,Data Analytics Engineer,Data Analysis,50000,USD,50000,VN,100,GB,M,United Kingdom
2021,SE,FT,Data Engineer,Data Engineering,65000,EUR,76833,RO,50,GB,S,United Kingdom
2021,MI,FT,Data Engineer,Data Engineering,48000,GBP,66022,HK,50,GB,S,United Kingdom
2021,MI,FT,Data Scientist,Data Science,85000,GBP,116914,GB,50,GB,L,United Kingdom
2021,MI,FT,Data Scientist,Data Science,40900,GBP,56256,GB,50,GB,L,United Kingdom
2021,MI,FT,Data Engineer,Data Engineering,52500,GBP,72212,GB,50,GB,L,United Kingdom
2021,SE,FT,Data Engineer,Data Engineering,70000,GBP,96282,GB,50,GB,L,United Kingdom
2022,SE,FT,Data Scientist,Data Science,90000,GBP,117789,GB,0,GB,M,United Kingdom
2022,SE,FT,Data Scientist,Data Science,80000,GBP,104702,GB,0,GB,M,United Kingdom
2022,EN,FT,Data Engineer,Data Engineering,40000,GBP,52351,GB,100,GB,M,United Kingdom
2022,MI,FT,Data Scientist,Data Science,50000,GBP,65438,GB,0,GB,M,United Kingdom
2022,MI,FT,Data Scientist,Data Science,30000,GBP,39263,GB,0,GB,M,United Kingdom
2022,MI,FT,Data Engineer,Data Engineering,60000,GBP,78526,GB,0,GB,M,United Kingdom
2022,MI,FT,Data Engineer,Data Engineering,40000,GBP,52351,GB,0,GB,M,United Kingdom
2022,EN,FT,Data Engineer,Data Engineering,35000,GBP,45807,GB,100,GB,M,United Kingdom
2022,SE,FT,Data Engineer,Data Engineering,60000,GBP,78526,GB,0,GB,M,United Kingdom
2022,SE,FT,Data Engineer,Data Engineering,50000,GBP,65438,GB,0,GB,M,United Kingdom
2022,EN,FT,Machine Learning Engineer,Machine Learning Engineering,28500,GBP,37300,GB,100,GB,L,United Kingdom
2022,MI,FT,Machine Learning Engineer,Machine Learning Engineering,95000,GBP,124333,GB,0,GB,M,United Kingdom
2022,MI,FT,Machine Learning Engineer,Machine Learning Engineering,75000,GBP,98158,GB,0,GB,M,United Kingdom
2022,MI,FT,Data Engineer,Data Engineering,90000,GBP,117789,GB,0,GB,M,United Kingdom
2022,MI,FT,Data Engineer,Data Engineering,75000,GBP,98158,GB,0,GB,M,United Kingdom
2022,MI,FT,Data Analyst,Data Analysis,40000,GBP,52351,GB,100,GB,M,United Kingdom
2022,MI,FT,Data Scientist,Data Science,55000,GBP,71982,GB,0,GB,M,United Kingdom
2022,MI,FT,Data Scientist,Data Science,35000,GBP,45807,GB,0,GB,M,United Kingdom
2022,MI,FT,Data Engineer,Data Engineering,60000,GBP,78526,GB,100,GB,M,United Kingdom
2022,MI,FT,Data Engineer,Data Engineering,45000,GBP,58894,GB,100,GB,M,United Kingdom
2022,MI,FT,Data Analyst,Data Analysis,30000,GBP,39263,GB,100,GB,M,United Kingdom
2022,MI,FT,Data Engineer,Data Engineering,80000,GBP,104702,GB,100,GB,M,United Kingdom
2022,MI,FT,Data Engineer,Data Engineering,70000,GBP,91614,GB,100,GB,M,United Kingdom
2022,MI,FT,Data Engineer,Data Engineering,75000,GBP,98158,GB,100,GB,M,United Kingdom
2022,MI,FT,Data Engineer,Data Engineering,60000,GBP,78526,GB,100,GB,M,United Kingdom
2022,MI,FT,Data Scientist,Data Science,140000,GBP,183228,GB,0,GB,M,United Kingdom
2022,MI,FT,Data Scientist,Data Science,70000,GBP,91614,GB,0,GB,M,United Kingdom
2022,MI,FT,Data Analyst,Data Analysis,50000,GBP,65438,GB,0,GB,M,United Kingdom
2022,MI,FT,Data Analyst,Data Analysis,35000,GBP,45807,GB,0,GB,M,United Kingdom
2020,MI,FT,Product Data Analyst,Data Analysis,20000,USD,20000,HN,0,HN,S,Honduras
2020,SE,FT,Machine Learning Engineer,Machine Learning Engineering,150000,USD,150000,US,50,US,L,United States
2020,EN,FT,Data Analyst,Data Analysis,72000,USD,72000,US,100,US,L,United States
2020,SE,FT,Lead Data Scientist,Data Science,190000,USD,190000,US,100,US,S,United States
2020,MI,FT,Business Data Analyst,Data Analysis,135000,USD,135000,US,100,US,L,United States
2020,MI,FT,Lead Data Analyst,Data Analysis,87000,USD,87000,US,100,US,L,United States
2020,MI,FT,Data Analyst,Data Analysis,85000,USD,85000,US,100,US,L,United States
2020,MI,FT,Lead Data Engineer,Data Engineering,56000,USD,56000,PT,100,US,M,United States
2020,MI,FT,BI Data Analyst,Data Analysis,98000,USD,98000,US,0,US,M,United States
2020,EX,FT,Director of Data Science,Data Science,325000,USD,325000,US,100,US,L,United States
2020,EN,CT,Business Data Analyst,Data Analysis,100000,USD,100000,US,100,US,L,United States
2020,EN,FT,Big Data Engineer,Data Engineering,70000,USD,70000,US,100,US,L,United States
2020,SE,FT,Data Scientist,Data Science,60000,EUR,68428,GR,100,US,L,United States
2020,MI,FT,Research Scientist,Research,450000,USD,450000,US,0,US,M,United States
2020,MI,FT,Data Science Consultant,Data Science,103000,USD,103000,US,100,US,L,United States
2020,EN,FT,Machine Learning Engineer,Machine Learning Engineering,250000,USD,250000,US,50,US,L,United States
2020,EN,FT,Machine Learning Engineer,Machine Learning Engineering,138000,USD,138000,US,100,US,S,United States
2020,MI,FT,Data Scientist,Data Science,45760,USD,45760,PH,100,US,S,United States
2020,MI,FT,Data Engineer,Data Engineering,106000,USD,106000,US,100,US,L,United States
2020,SE,FT,Data Engineer,Data Engineering,188000,USD,188000,US,100,US,L,United States
2020,MI,FT,Data Scientist,Data Science,105000,USD,105000,US,100,US,L,United States
2020,EN,FT,Data Analyst,Data Analysis,91000,USD,91000,US,100,US,L,United States
2020,SE,FL,Computer Vision Engineer,Machine Learning Engineering,60000,USD,60000,RU,100,US,S,United States
2020,MI,FT,Data Scientist,Data Science,118000,USD,118000,US,100,US,M,United States
2020,SE,FT,Data Scientist,Data Science,120000,USD,120000,US,50,US,L,United States
2020,MI,FT,Data Scientist,Data Science,138350,USD,138350,US,100,US,M,United States
2020,MI,FT,Data Engineer,Data Engineering,110000,USD,110000,US,100,US,L,United States
2020,MI,FT,Data Engineer,Data Engineering,130800,USD,130800,ES,100,US,M,United States
2020,SE,FT,Data Scientist,Data Science,412000,USD,412000,US,100,US,L,United States
2020,SE,FT,Data Science Manager,Data Science,190200,USD,190200,US,100,US,M,United States
2020,EN,FT,Data Scientist,Data Science,105000,USD,105000,US,100,US,S,United States
2021,EX,FT,BI Data Analyst,Data Analysis,150000,USD,150000,IN,100,US,L,United States
2021,EX,FT,Head of Data,Data Science,235000,USD,235000,US,100,US,L,United States
2021,MI,FT,BI Data Analyst,Data Analysis,100000,USD,100000,US,100,US,M,United States
2021,MI,CT,ML Engineer,Machine Learning Engineering,270000,USD,270000,US,100,US,L,United States
2021,EN,FT,Data Analyst,Data Analysis,80000,USD,80000,US,100,US,M,United States
2021,MI,FT,Data Engineer,Data Engineering,140000,USD,140000,US,100,US,L,United States
2021,MI,FT,Data Analytics Engineer,Data Analysis,110000,USD,110000,US,100,US,L,United States
2021,SE,FT,Lead Data Analyst,Data Analysis,170000,USD,170000,US,100,US,L,United States
2021,SE,FT,Data Analyst,Data Analysis,80000,USD,80000,BG,100,US,S,United States
2021,SE,FT,Lead Data Engineer,Data Engineering,276000,USD,276000,US,0,US,L,United States
2021,EN,PT,AI Scientist,Data Science,12000,USD,12000,BR,100,US,S,United States
2021,MI,FT,Financial Data Analyst,Data Analysis,450000,USD,450000,US,100,US,L,United States
2021,EN,FT,Computer Vision Software Engineer,Data Engineering,70000,USD,70000,US,100,US,M,United States
2021,MI,FT,Computer Vision Software Engineer,Data Engineering,81000,EUR,95746,DE,100,US,S,United States
2021,MI,FT,Data Analyst,Data Analysis,75000,USD,75000,US,0,US,L,United States
2021,SE,FT,Data Engineer,Data Engineering,150000,USD,150000,US,100,US,L,United States
2021,MI,FT,BI Data Analyst,Data Analysis,11000000,HUF,36259,HU,50,US,L,United States
2021,MI,FT,Data Analyst,Data Analysis,62000,USD,62000,US,0,US,L,United States
2021,MI,FT,Data Scientist,Data Science,73000,USD,73000,US,0,US,L,United States
2021,SE,FT,Data Engineer,Data Engineering,115000,USD,115000,US,100,US,S,United States
2021,SE,FT,Data Engineer,Data Engineering,150000,USD,150000,US,100,US,M,United States
2021,EN,PT,AI Scientist,Data Science,12000,USD,12000,PK,100,US,M,United States
2021,EN,FT,Machine Learning Scientist,Data Science,225000,USD,225000,US,100,US,L,United States
2021,EN,FT,Data Analyst,Data Analysis,90000,USD,90000,US,100,US,S,United States
2021,MI,FT,Data Engineer,Data Engineering,200000,USD,200000,US,100,US,L,United States
2021,SE,FT,Principal Data Engineer,Data Engineering,200000,USD,200000,US,100,US,M,United States
2021,EN,FT,Data Analyst,Data Analysis,50000,USD,50000,US,100,US,M,United States
2021,MI,FT,Principal Data Scientist,Data Science,151000,USD,151000,US,100,US,L,United States
2021,SE,FT,Machine Learning Scientist,Data Science,120000,USD,120000,US,50,US,S,United States
2021,MI,FT,Applied Machine Learning Scientist,Data Science,38400,USD,38400,VN,100,US,M,United States
2021,EN,FT,Data Scientist,Data Science,100000,USD,100000,US,0,US,S,United States
2021,MI,FT,Data Analyst,Data Analysis,90000,USD,90000,US,100,US,M,United States
2021,SE,FT,Principal Data Scientist,Data Science,220000,USD,220000,US,0,US,L,United States
2021,EN,FT,Data Scientist,Data Science,80000,USD,80000,US,100,US,M,United States
2021,MI,FT,Data Analyst,Data Analysis,135000,USD,135000,US,100,US,L,United States
2021,SE,FT,Data Science Manager,Data Science,240000,USD,240000,US,0,US,L,United States
2021,SE,FT,Data Engineering Manager,Data Engineering,150000,USD,150000,US,0,US,L,United States
2021,MI,FT,Data Scientist,Data Science,82500,USD,82500,US,100,US,S,United States
2021,MI,FT,Data Engineer,Data Engineering,100000,USD,100000,US,100,US,L,United States
2021,MI,FT,Data Engineer,Data Engineering,90000,USD,90000,US,100,US,L,United States
2021,SE,FT,Data Engineering Manager,Data Engineering,153000,USD,153000,US,100,US,L,United States
2021,SE,FT,Cloud Data Engineer,Data Engineering,160000,USD,160000,BR,100,US,S,United States
2021,MI,FT,Data Scientist,Data Science,150000,USD,150000,US,100,US,M,United States
2021,SE,FT,Data Science Manager,Data Science,144000,USD,144000,US,100,US,L,United States
2021,MI,FT,Applied Machine Learning Scientist,Data Science,423000,USD,423000,US,50,US,L,United States
2021,SE,FT,Data Analytics Manager,Data Analysis,120000,USD,120000,US,100,US,M,United States
2021,EN,FT,Machine Learning Engineer,Machine Learning Engineering,125000,USD,125000,US,100,US,S,United States
2021,SE,FT,Data Specialist,Data Science,165000,USD,165000,US,100,US,L,United States
2021,EN,FT,Data Engineer,Data Engineering,80000,USD,80000,US,100,US,L,United States
2021,EX,FT,Director of Data Science,Data Science,250000,USD,250000,US,0,US,L,United States
2021,EN,FT,BI Data Analyst,Data Analysis,55000,USD,55000,US,50,US,S,United States
2021,MI,FT,Data Architect,Data Engineering,150000,USD,150000,US,100,US,L,United States
2021,MI,FT,Data Architect,Data Engineering,170000,USD,170000,US,100,US,L,United States
2021,EN,FT,Data Analyst,Data Analysis,60000,USD,60000,US,100,US,S,United States
2021,SE,FT,Principal Data Scientist,Data Science,235000,USD,235000,US,100,US,L,United States
2021,SE,FT,Data Engineering Manager,Data Engineering,174000,USD,174000,US,100,US,L,United States
2021,EN,FT,Machine Learning Engineer,Data Engineering,81000,USD,81000,US,50,US,S,United States
2021,MI,FT,Data Scientist,Data Science,420000,INR,5679,IN,100,US,S,United States
2021,MI,FT,Data Engineer,Data Engineering,22000,EUR,26005,RO,0,US,L,United States
2021,SE,FT,Data Science Manager,Data Science,174000,USD,174000,US,100,US,L,United States
2021,MI,FT,Data Scientist,Data Science,147000,USD,147000,US,50,US,L,United States
2021,SE,FT,Data Science Manager,Data Science,4000000,INR,54094,IN,50,US,L,United States
2021,EN,FT,Data Science Consultant,Data Science,90000,USD,90000,US,100,US,S,United States
2021,SE,FT,Machine Learning Infrastructure Engineer,Machine Learning Engineering,195000,USD,195000,US,100,US,M,United States
2021,SE,FT,Research Scientist,Research,50000,USD,50000,FR,100,US,S,United States
2021,MI,FT,Data Scientist,Data Science,160000,USD,160000,US,100,US,L,United States
2021,SE,FT,Machine Learning Engineer,Machine Learning Engineering,200000,USD,200000,US,100,US,L,United States
2021,SE,FT,Data Engineer,Data Engineering,165000,USD,165000,US,0,US,M,United States
2021,MI,FL,Data Engineer,Data Engineering,20000,USD,20000,IT,0,US,L,United States
2021,SE,FT,Data Analytics Manager,Data Analysis,120000,USD,120000,US,0,US,L,United States
2021,SE,FT,Principal Data Engineer,Data Engineering,185000,USD,185000,US,100,US,L,United States
2021,SE,FT,Data Analytics Manager,Data Analysis,140000,USD,140000,US,100,US,L,United States
2021,EX,CT,Principal Data Scientist,Data Science,416000,USD,416000,US,100,US,S,United States
2021,SE,FT,Data Scientist,Data Science,135000,USD,135000,US,0,US,L,United States
2021,SE,FT,ML Engineer,Machine Learning Engineering,256000,USD,256000,US,100,US,S,United States
2021,SE,FT,Director of Data Engineering,Data Engineering,200000,USD,200000,US,100,US,L,United States
2021,SE,FT,Data Analyst,Data Analysis,200000,USD,200000,US,100,US,L,United States
2021,MI,FT,Data Architect,Data Engineering,180000,USD,180000,US,100,US,L,United States
2021,MI,FT,Head of Data Science,Data Science,110000,USD,110000,US,0,US,S,United States
2021,MI,FT,Data Analyst,Data Analysis,80000,USD,80000,US,100,US,L,United States
2021,MI,FT,Data Engineer,Data Engineering,110000,USD,110000,US,100,US,L,United States
2021,SE,FT,Data Scientist,Data Science,165000,USD,165000,US,100,US,L,United States
2021,SE,FT,Principal Data Analyst,Data Analysis,170000,USD,170000,US,100,US,M,United States
2021,MI,FT,Data Scientist,Data Science,115000,USD,115000,US,50,US,L,United States
2021,EN,FT,Data Scientist,Data Science,90000,USD,90000,US,100,US,S,United States
2021,EX,FT,Principal Data Engineer,Data Engineering,600000,USD,600000,US,100,US,L,United States
2021,MI,FT,Data Analyst,Data Analysis,93000,USD,93000,US,100,US,L,United States
2021,MI,FT,Data Engineer,Data Engineering,200000,USD,200000,US,100,US,L,United States
2021,SE,FT,Machine Learning Engineer,Machine Learning Engineering,185000,USD,185000,US,50,US,L,United States
2021,MI,FT,Data Scientist,Data Science,130000,USD,130000,US,50,US,L,United States
2021,SE,FT,Lead Data Engineer,Data Engineering,160000,USD,160000,PR,50,US,S,United States
2021,MI,FT,Data Engineer,Data Engineering,93150,USD,93150,US,0,US,M,United States
2021,MI,FT,Data Engineer,Data Engineering,111775,USD,111775,US,0,US,M,United States
2021,EN,FT,Data Engineer,Data Engineering,72500,USD,72500,US,100,US,L,United States
2021,EN,FT,Data Scientist,Data Science,100000,USD,100000,US,100,US,M,United States
2021,EN,FT,Data Scientist,Data Science,58000,USD,58000,US,50,US,L,United States
2021,MI,FT,Data Engineer,Data Engineering,112000,USD,112000,US,100,US,L,United States
2021,SE,CT,Staff Data Scientist,Data Science,105000,USD,105000,US,100,US,M,United States
2021,MI,FT,Data Scientist,Data Science,109000,USD,109000,US,50,US,L,United States
2022,SE,FT,Data Engineer,Data Engineering,135000,USD,135000,US,100,US,M,United States
2022,SE,FT,Data Analyst,Data Analysis,155000,USD,155000,US,100,US,M,United States
2022,SE,FT,Data Analyst,Data Analysis,120600,USD,120600,US,100,US,M,United States
2022,MI,FT,Data Scientist,Data Science,130000,USD,130000,US,0,US,M,United States
2022,MI,FT,Data Scientist,Data Science,90000,USD,90000,US,0,US,M,United States
2022,MI,FT,Data Engineer,Data Engineering,170000,USD,170000,US,100,US,M,United States
2022,MI,FT,Data Engineer,Data Engineering,150000,USD,150000,US,100,US,M,United States
2022,SE,FT,Data Analyst,Data Analysis,102100,USD,102100,US,100,US,M,United States
2022,SE,FT,Data Analyst,Data Analysis,84900,USD,84900,US,100,US,M,United States
2022,SE,FT,Data Scientist,Data Science,136620,USD,136620,US,100,US,M,United States
2022,SE,FT,Data Scientist,Data Science,99360,USD,99360,US,100,US,M,United States
2022,SE,FT,Data Scientist,Data Science,146000,USD,146000,US,100,US,M,United States
2022,SE,FT,Data Scientist,Data Science,123000,USD,123000,US,100,US,M,United States
2022,SE,FT,Data Analyst,Data Analysis,99000,USD,99000,US,0,US,M,United States
2022,SE,FT,Data Analyst,Data Analysis,116000,USD,116000,US,0,US,M,United States
2022,MI,FT,Data Analyst,Data Analysis,106260,USD,106260,US,0,US,M,United States
2022,MI,FT,Data Analyst,Data Analysis,126500,USD,126500,US,0,US,M,United States
2022,EX,FT,Data Engineer,Data Engineering,242000,USD,242000,US,100,US,M,United States
2022,EX,FT,Data Engineer,Data Engineering,200000,USD,200000,US,100,US,M,United States
2022,SE,FT,Data Scientist,Data Science,165220,USD,165220,US,100,US,M,United States
2022,SE,FT,Data Scientist,Data Science,120160,USD,120160,US,100,US,M,United States
2022,SE,FT,Data Analyst,Data Analysis,90320,USD,90320,US,100,US,M,United States
2022,SE,FT,Data Engineer,Data Engineering,181940,USD,181940,US,0,US,M,United States
2022,SE,FT,Data Engineer,Data Engineering,132320,USD,132320,US,0,US,M,United States
2022,SE,FT,Data Engineer,Data Engineering,220110,USD,220110,US,0,US,M,United States
2022,SE,FT,Data Engineer,Data Engineering,160080,USD,160080,US,0,US,M,United States
2022,SE,FT,Data Scientist,Data Science,180000,USD,180000,US,0,US,L,United States
2022,SE,FT,Data Scientist,Data Science,120000,USD,120000,US,0,US,L,United States
2022,SE,FT,Data Analyst,Data Analysis,124190,USD,124190,US,100,US,M,United States
2022,EX,FT,Data Analyst,Data Analysis,130000,USD,130000,US,100,US,M,United States
2022,EX,FT,Data Analyst,Data Analysis,110000,USD,110000,US,100,US,M,United States
2022,SE,FT,Data Analyst,Data Analysis,170000,USD,170000,US,100,US,M,United States
2022,MI,FT,Data Analyst,Data Analysis,115500,USD,115500,US,100,US,M,United States
2022,SE,FT,Data Analyst,Data Analysis,112900,USD,112900,US,100,US,M,United States
2022,SE,FT,Data Analyst,Data Analysis,90320,USD,90320,US,100,US,M,United States
2022,SE,FT,Data Analyst,Data Analysis,112900,USD,112900,US,100,US,M,United States
2022,SE,FT,Data Analyst,Data Analysis,90320,USD,90320,US,100,US,M,United States
2022,SE,FT,Data Engineer,Data Engineering,165400,USD,165400,US,100,US,M,United States
2022,SE,FT,Data Engineer,Data Engineering,132320,USD,132320,US,100,US,M,United States
2022,MI,FT,Data Analyst,Data Analysis,167000,USD,167000,US,100,US,M,United States
2022,SE,FT,Data Engineer,Data Engineering,243900,USD,243900,US,100,US,M,United States
2022,SE,FT,Data Analyst,Data Analysis,136600,USD,136600,US,100,US,M,United States
2022,SE,FT,Data Analyst,Data Analysis,109280,USD,109280,US,100,US,M,United States
2022,SE,FT,Data Engineer,Data Engineering,128875,USD,128875,US,100,US,M,United States
2022,SE,FT,Data Engineer,Data Engineering,93700,USD,93700,US,100,US,M,United States
2022,EX,FT,Head of Data Science,Data Science,224000,USD,224000,US,100,US,M,United States
2022,EX,FT,Head of Data Science,Data Science,167875,USD,167875,US,100,US,M,United States
2022,EX,FT,Analytics Engineer,Data Analysis,175000,USD,175000,US,100,US,M,United States
2022,SE,FT,Data Engineer,Data Engineering,156600,USD,156600,US,100,US,M,United States
2022,SE,FT,Data Engineer,Data Engineering,108800,USD,108800,US,0,US,M,United States
2022,SE,FT,Data Scientist,Data Science,95550,USD,95550,US,0,US,M,United States
2022,SE,FT,Data Engineer,Data Engineering,113000,USD,113000,US,0,US,L,United States
2022,SE,FT,Data Analyst,Data Analysis,135000,USD,135000,US,100,US,M,United States
2022,SE,FT,Data Science Manager,Data Science,161342,USD,161342,US,100,US,M,United States
2022,SE,FT,Data Science Manager,Data Science,137141,USD,137141,US,100,US,M,United States
2022,SE,FT,Data Scientist,Data Science,167000,USD,167000,US,100,US,M,United States
2022,SE,FT,Data Scientist,Data Science,123000,USD,123000,US,100,US,M,United States
2022,SE,FT,Data Scientist,Data Science,150000,USD,150000,US,0,US,M,United States
2022,SE,FT,Data Scientist,Data Science,211500,USD,211500,US,100,US,M,United States
2022,SE,FT,Data Engineer,Data Engineering,160000,USD,160000,US,0,US,L,United States
2022,SE,FT,Data Scientist,Data Science,138600,USD,138600,US,100,US,M,United States
2022,SE,FT,Data Engineer,Data Engineering,136000,USD,136000,US,0,US,M,United States
2022,MI,FT,Data Analyst,Data Analysis,58000,USD,58000,US,0,US,S,United States
2022,EX,FT,Analytics Engineer,Data Analysis,135000,USD,135000,US,100,US,M,United States
2022,SE,FT,Data Scientist,Data Science,170000,USD,170000,US,100,US,M,United States
2022,SE,FT,Data Scientist,Data Science,123000,USD,123000,US,100,US,M,United States
2022,SE,FT,Machine Learning Engineer,Machine Learning Engineering,189650,USD,189650,US,0,US,M,United States
2022,SE,FT,Machine Learning Engineer,Machine Learning Engineering,164996,USD,164996,US,0,US,M,United States
2022,SE,FT,Data Analyst,Data Analysis,132000,USD,132000,US,0,US,M,United States
2022,SE,FT,Data Engineer,Data Engineering,165400,USD,165400,US,100,US,M,United States
2022,SE,FT,Data Architect,Data Engineering,208775,USD,208775,US,100,US,M,United States
2022,SE,FT,Data Architect,Data Engineering,147800,USD,147800,US,100,US,M,United States
2022,SE,FT,Data Engineer,Data Engineering,136994,USD,136994,US,100,US,M,United States
2022,SE,FT,Data Engineer,Data Engineering,101570,USD,101570,US,100,US,M,United States
2022,SE,FT,Data Analyst,Data Analysis,128875,USD,128875,US,100,US,M,United States
2022,SE,FT,Data Analyst,Data Analysis,93700,USD,93700,US,100,US,M,United States
2022,SE,FT,Data Engineer,Data Engineering,132320,USD,132320,US,100,US,M,United States
2022,SE,FT,Data Analyst,Data Analysis,164000,USD,164000,US,0,US,M,United States
2022,SE,FT,Data Engineer,Data Engineering,155000,USD,155000,US,100,US,M,United States
2022,MI,FT,AI Scientist,Data Science,120000,USD,120000,US,0,US,M,United States
2022,SE,FT,Data Analyst,Data Analysis,112900,USD,112900,US,100,US,M,United States
2022,SE,FT,Data Analyst,Data Analysis,90320,USD,90320,US,100,US,M,United States
2022,SE,FT,Data Analytics Manager,Data Analysis,145000,USD,145000,US,100,US,M,United States
2022,SE,FT,Data Analytics Manager,Data Analysis,105400,USD,105400,US,100,US,M,United States
2022,SE,FT,Data Scientist,Data Science,215300,USD,215300,US,100,US,L,United States
2022,SE,FT,Data Scientist,Data Science,158200,USD,158200,US,100,US,L,United States
2022,SE,FT,Data Engineer,Data Engineering,209100,USD,209100,US,100,US,L,United States
2022,SE,FT,Data Engineer,Data Engineering,154600,USD,154600,US,100,US,L,United States
2022,SE,FT,Data Analyst,Data Analysis,115934,USD,115934,US,0,US,M,United States
2022,SE,FT,Data Analyst,Data Analysis,81666,USD,81666,US,0,US,M,United States
2022,SE,FT,Data Engineer,Data Engineering,175000,USD,175000,US,100,US,M,United States
2022,MI,FT,Data Analyst,Data Analysis,58000,USD,58000,US,0,US,S,United States
2022,SE,FT,Data Engineer,Data Engineering,183600,USD,183600,US,100,US,L,United States
2022,SE,FT,Data Scientist,Data Science,180000,USD,180000,US,100,US,M,United States
2022,SE,FT,Data Scientist,Data Science,260000,USD,260000,US,100,US,M,United States
2022,MI,FT,Data Engineer,Data Engineering,63900,USD,63900,US,0,US,M,United States
2022,MI,FT,Machine Learning Scientist,Data Science,160000,USD,160000,US,100,US,L,United States
2022,MI,FT,Machine Learning Scientist,Data Science,112300,USD,112300,US,100,US,L,United States
2022,MI,FT,Data Science Manager,Data Science,241000,USD,241000,US,100,US,M,United States
2022,MI,FT,Data Science Manager,Data Science,159000,USD,159000,US,100,US,M,United States
2022,SE,FT,Data Scientist,Data Science,180000,USD,180000,US,0,US,M,United States
2022,SE,FT,Data Scientist,Data Science,80000,USD,80000,US,0,US,M,United States
2022,MI,FT,Data Engineer,Data Engineering,82900,USD,82900,US,0,US,M,United States
2022,SE,FT,Data Engineer,Data Engineering,100800,USD,100800,US,100,US,L,United States
2022,SE,FT,Data Scientist,Data Science,140400,USD,140400,US,0,US,L,United States
2022,SE,FT,Machine Learning Engineer,Machine Learning Engineering,189650,USD,189650,US,0,US,M,United States
2022,SE,FT,Machine Learning Engineer,Machine Learning Engineering,164996,USD,164996,US,0,US,M,United States
2022,SE,FT,Data Scientist,Data Science,215300,USD,215300,US,0,US,L,United States
2022,SE,FT,Data Engineer,Data Engineering,209100,USD,209100,US,100,US,L,United States
2022,SE,FT,Data Engineer,Data Engineering,154600,USD,154600,US,100,US,L,United States
2022,SE,FT,Data Engineer,Data Engineering,180000,USD,180000,US,100,US,M,United States
2022,SE,FT,Data Engineer,Data Engineering,80000,USD,80000,US,100,US,M,United States
2022,MI,FT,Machine Learning Engineer,Machine Learning Engineering,120000,USD,120000,US,100,US,S,United States
2022,EN,FT,Computer Vision Engineer,Machine Learning Engineering,125000,USD,125000,US,0,US,M,United States
2022,MI,FT,NLP Engineer,Machine Learning Engineering,240000,CNY,37236,US,50,US,L,United States
2022,SE,FT,Data Engineer,Data Engineering,105000,USD,105000,US,100,US,M,United States
2022,EN,FT,Financial Data Analyst,Data Analysis,100000,USD,100000,US,50,US,L,United States
2022,EN,FT,Data Engineer,Data Engineering,120000,USD,120000,US,100,US,M,United States
2022,SE,FT,Research Scientist,Research,144000,USD,144000,US,50,US,L,United States
2022,SE,FT,Data Scientist,Data Science,104890,USD,104890,US,100,US,M,United States
2022,SE,FT,Data Engineer,Data Engineering,100000,USD,100000,US,100,US,M,United States
2022,SE,FT,Data Scientist,Data Science,140000,USD,140000,US,100,US,M,United States
2022,MI,FT,Data Analyst,Data Analysis,135000,USD,135000,US,100,US,M,United States
2022,MI,FT,Data Analyst,Data Analysis,50000,USD,50000,US,100,US,M,United States
2022,SE,FT,Data Scientist,Data Science,220000,USD,220000,US,100,US,M,United States
2022,SE,FT,Data Scientist,Data Science,140000,USD,140000,US,100,US,M,United States
2022,SE,FT,Data Scientist,Data Science,185100,USD,185100,US,100,US,M,United States
2022,SE,FT,Machine Learning Engineer,Machine Learning Engineering,220000,USD,220000,US,100,US,M,United States
2022,MI,FT,Data Scientist,Data Science,200000,USD,200000,US,100,US,M,United States
2022,MI,FT,Data Scientist,Data Science,120000,USD,120000,US,100,US,M,United States
2022,EX,FT,Data Engineer,Data Engineering,324000,USD,324000,US,100,US,M,United States
2022,EX,FT,Data Engineer,Data Engineering,216000,USD,216000,US,100,US,M,United States
2022,SE,FT,Data Engineer,Data Engineering,210000,USD,210000,US,100,US,M,United States
2022,SE,FT,Machine Learning Engineer,Machine Learning Engineering,120000,USD,120000,US,100,US,M,United States
2022,SE,FT,Data Scientist,Data Science,230000,USD,230000,US,100,US,M,United States
2022,MI,FL,Data Scientist,Data Science,100000,USD,100000,CA,100,US,M,United States
2022,SE,FT,Head of Data,Data Science,200000,USD,200000,MY,100,US,M,United States
2022,SE,FT,Data Scientist,Data Science,100000,USD,100000,BR,100,US,M,United States
2022,MI,FT,Machine Learning Scientist,Data Science,153000,USD,153000,US,50,US,M,United States
2022,SE,FT,Data Scientist,Data Science,165000,USD,165000,US,100,US,M,United States
2022,SE,FT,Data Engineer,Data Engineering,115000,USD,115000,US,100,US,M,United States
2022,MI,FT,Applied Machine Learning Scientist,Data Science,75000,USD,75000,BO,100,US,L,United States
2022,EN,FT,Research Scientist,Research,120000,USD,120000,US,100,US,L,United States
2022,MI,FT,Applied Data Scientist,Data Science,157000,USD,157000,US,100,US,L,United States
2022,EN,FT,Data Engineer,Data Engineering,65000,USD,65000,US,100,US,S,United States
2022,MI,FT,Data Scientist,Data Science,48000,USD,48000,RU,100,US,S,United States
2022,SE,FT,Data Science Manager,Data Science,152500,USD,152500,US,100,US,M,United States
2022,SE,FT,Applied Data Scientist,Data Science,380000,USD,380000,US,100,US,L,United States
2022,SE,FT,Data Analytics Lead,Data Analysis,405000,USD,405000,US,100,US,L,United States
2022,MI,FT,Data Scientist,Data Science,135000,USD,135000,US,100,US,L,United States
2022,SE,FT,Applied Data Scientist,Data Science,177000,USD,177000,US,100,US,L,United States
2022,MI,FT,Data Scientist,Data Science,78000,USD,78000,US,100,US,M,United States
2022,SE,FT,Data Analyst,Data Analysis,135000,USD,135000,US,100,US,M,United States
2022,SE,FT,Data Analyst,Data Analysis,100000,USD,100000,US,100,US,M,United States
2022,SE,FT,Data Analyst,Data Analysis,90320,USD,90320,US,100,US,M,United States
2022,SE,FT,Machine Learning Engineer,Machine Learning Engineering,214000,USD,214000,US,100,US,M,United States
2022,SE,FT,Machine Learning Engineer,Machine Learning Engineering,192600,USD,192600,US,100,US,M,United States
2022,SE,FT,Data Architect,Data Engineering,266400,USD,266400,US,100,US,M,United States
2022,SE,FT,Data Architect,Data Engineering,213120,USD,213120,US,100,US,M,United States
2022,SE,FT,Data Analyst,Data Analysis,112900,USD,112900,US,100,US,M,United States
2022,SE,FT,Data Engineer,Data Engineering,155000,USD,155000,US,100,US,M,United States
2022,MI,FT,Data Scientist,Data Science,141300,USD,141300,US,0,US,M,United States
2022,MI,FT,Data Scientist,Data Science,102100,USD,102100,US,0,US,M,United States
2022,SE,FT,Data Analyst,Data Analysis,115934,USD,115934,US,100,US,M,United States
2022,SE,FT,Data Analyst,Data Analysis,81666,USD,81666,US,100,US,M,United States
2022,MI,FT,Data Engineer,Data Engineering,206699,USD,206699,US,0,US,M,United States
2022,MI,FT,Data Engineer,Data Engineering,99100,USD,99100,US,0,US,M,United States
2022,SE,FT,Data Engineer,Data Engineering,130000,USD,130000,US,100,US,M,United States
2022,SE,FT,Data Engineer,Data Engineering,115000,USD,115000,US,100,US,M,United States
2022,SE,FT,Data Engineer,Data Engineering,110500,USD,110500,US,100,US,M,United States
2022,SE,FT,Data Engineer,Data Engineering,130000,USD,130000,US,100,US,M,United States
2022,SE,FT,Data Analyst,Data Analysis,99050,USD,99050,US,100,US,M,United States
2022,SE,FT,Data Engineer,Data Engineering,160000,USD,160000,US,100,US,M,United States
2022,SE,FT,Data Scientist,Data Science,205300,USD,205300,US,0,US,L,United States
2022,SE,FT,Data Scientist,Data Science,140400,USD,140400,US,0,US,L,United States
2022,SE,FT,Data Scientist,Data Science,176000,USD,176000,US,100,US,M,United States
2022,SE,FT,Data Scientist,Data Science,144000,USD,144000,US,100,US,M,United States
2022,SE,FT,Data Engineer,Data Engineering,200100,USD,200100,US,100,US,M,United States
2022,SE,FT,Data Engineer,Data Engineering,160000,USD,160000,US,100,US,M,United States
2022,SE,FT,Data Engineer,Data Engineering,145000,USD,145000,US,100,US,M,United States
2022,SE,FT,Data Engineer,Data Engineering,70500,USD,70500,US,0,US,M,United States
2022,SE,FT,Data Scientist,Data Science,205300,USD,205300,US,0,US,M,United States
2022,SE,FT,Data Scientist,Data Science,140400,USD,140400,US,0,US,M,United States
2022,SE,FT,Analytics Engineer,Data Analysis,205300,USD,205300,US,0,US,M,United States
2022,SE,FT,Analytics Engineer,Data Analysis,184700,USD,184700,US,0,US,M,United States
2022,SE,FT,Data Engineer,Data Engineering,175100,USD,175100,US,100,US,M,United States
2022,SE,FT,Data Engineer,Data Engineering,140250,USD,140250,US,100,US,M,United States
2022,SE,FT,Data Analyst,Data Analysis,116150,USD,116150,US,100,US,M,United States
2022,SE,FT,Data Engineer,Data Engineering,54000,USD,54000,US,0,US,M,United States
2022,SE,FT,Data Analyst,Data Analysis,170000,USD,170000,US,100,US,M,United States
2022,SE,FT,Data Analyst,Data Analysis,80000,USD,80000,US,100,US,M,United States
2022,SE,FT,Data Scientist,Data Science,140000,USD,140000,US,100,US,M,United States
2022,SE,FT,Data Scientist,Data Science,210000,USD,210000,US,100,US,M,United States
2022,SE,FT,Data Scientist,Data Science,140000,USD,140000,US,100,US,M,United States
2022,SE,FT,Data Analyst,Data Analysis,100000,USD,100000,US,100,US,M,United States
2022,SE,FT,Data Analyst,Data Analysis,69000,USD,69000,US,100,US,M,United States
2022,SE,FT,Data Scientist,Data Science,210000,USD,210000,US,100,US,M,United States
2022,SE,FT,Data Scientist,Data Science,140000,USD,140000,US,100,US,M,United States
2022,SE,FT,Data Scientist,Data Science,210000,USD,210000,US,100,US,M,United States
2022,SE,FT,Data Analyst,Data Analysis,150075,USD,150075,US,100,US,M,United States
2022,SE,FT,Data Engineer,Data Engineering,100000,USD,100000,US,100,US,M,United States
2022,SE,FT,Data Engineer,Data Engineering,25000,USD,25000,US,100,US,M,United States
2022,SE,FT,Data Analyst,Data Analysis,126500,USD,126500,US,100,US,M,United States
2022,SE,FT,Data Analyst,Data Analysis,106260,USD,106260,US,100,US,M,United States
2022,SE,FT,Data Engineer,Data Engineering,220110,USD,220110,US,100,US,M,United States
2022,SE,FT,Data Engineer,Data Engineering,160080,USD,160080,US,100,US,M,United States
2022,SE,FT,Data Analyst,Data Analysis,105000,USD,105000,US,100,US,M,United States
2022,SE,FT,Data Analyst,Data Analysis,110925,USD,110925,US,100,US,M,United States
2022,SE,FT,Data Scientist,Data Science,140000,USD,140000,US,100,US,M,United States
2022,SE,FT,Data Analyst,Data Analysis,99000,USD,99000,US,0,US,M,United States
2022,SE,FT,Data Analyst,Data Analysis,60000,USD,60000,US,100,US,M,United States
2022,SE,FT,Data Architect,Data Engineering,192564,USD,192564,US,100,US,M,United States
2022,SE,FT,Data Architect,Data Engineering,144854,USD,144854,US,100,US,M,United States
2022,SE,FT,Data Scientist,Data Science,230000,USD,230000,US,100,US,M,United States
2022,SE,FT,Data Scientist,Data Science,150000,USD,150000,US,100,US,M,United States
2022,SE,FT,Data Analytics Manager,Data Analysis,150260,USD,150260,US,100,US,M,United States
2022,SE,FT,Data Analytics Manager,Data Analysis,109280,USD,109280,US,100,US,M,United States
2022,SE,FT,Data Scientist,Data Science,210000,USD,210000,US,100,US,M,United States
2022,SE,FT,Data Analyst,Data Analysis,170000,USD,170000,US,100,US,M,United States
2022,MI,FT,Data Scientist,Data Science,160000,USD,160000,US,100,US,M,United States
2022,MI,FT,Data Scientist,Data Science,130000,USD,130000,US,100,US,M,United States
2022,SE,FT,Data Engineer,Data Engineering,154000,USD,154000,US,100,US,M,United States
2022,SE,FT,Data Engineer,Data Engineering,126000,USD,126000,US,100,US,M,United States
2022,SE,FT,Data Analyst,Data Analysis,129000,USD,129000,US,0,US,M,United States
2022,SE,FT,Data Analyst,Data Analysis,150000,USD,150000,US,100,US,M,United States
2022,MI,FT,AI Scientist,Data Science,200000,USD,200000,IN,100,US,L,United States
2020,MI,FT,Data Scientist,Data Science,11000000,HUF,35735,HU,50,HU,L,Hungary
2020,SE,FT,Lead Data Engineer,Data Engineering,125000,USD,125000,NZ,50,NZ,S,New Zealand
2020,EN,FT,Data Scientist,Data Science,45000,EUR,51321,FR,0,FR,S,France
2020,EN,FT,Data Scientist,Data Science,35000,EUR,39916,FR,0,FR,M,France
2020,MI,FT,Data Analyst,Data Analysis,41000,EUR,46759,FR,50,FR,L,France
2020,MI,FT,Data Engineer,Data Engineering,61500,EUR,70139,FR,50,FR,L,France
2020,MI,FT,Data Scientist,Data Science,37000,EUR,42197,FR,50,FR,S,France
2021,SE,FT,Data Scientist,Data Science,45000,EUR,53192,FR,50,FR,L,France
2021,EN,FT,Data Analyst,Data Analysis,50000,EUR,59102,FR,50,FR,M,France
2021,EN,FT,Data Scientist,Data Science,42000,EUR,49646,FR,50,FR,M,France
2021,MI,FT,Research Scientist,Research,53000,EUR,62649,FR,50,FR,M,France
2021,SE,FT,Data Science Manager,Data Science,152000,USD,152000,US,100,FR,L,France
2021,MI,FT,Research Scientist,Research,48000,EUR,56738,FR,50,FR,S,France
2021,EN,FT,Data Scientist,Data Science,31000,EUR,36643,FR,50,FR,L,France
2021,SE,FT,Data Scientist,Data Science,65720,EUR,77684,FR,50,FR,M,France
2022,SE,FT,Research Scientist,Research,85000,EUR,93427,FR,50,FR,L,France
2022,MI,FT,Data Engineer,Data Engineering,62000,EUR,68147,FR,100,FR,M,France
2020,MI,FT,Data Scientist,Data Science,3000000,INR,40481,IN,0,IN,L,India
2020,EN,FT,Data Science Consultant,Data Science,423000,INR,5707,IN,50,IN,M,India
2020,MI,FT,Product Data Analyst,Data Analysis,450000,INR,6072,IN,100,IN,L,India
2020,EN,FT,Data Analyst,Data Analysis,450000,INR,6072,IN,0,IN,S,India
2021,MI,PT,3D Computer Vision Researcher,Research,400000,INR,5409,IN,50,IN,M,India
2021,MI,FT,Lead Data Analyst,Data Analysis,1450000,INR,19609,IN,100,IN,L,India
2021,EN,FT,Data Scientist,Data Science,2200000,INR,29751,IN,50,IN,L,India
2021,EN,FT,Data Engineer,Data Engineering,2250000,INR,30428,IN,100,IN,L,India
2021,MI,FT,Data Scientist,Data Science,700000,INR,9466,IN,0,IN,S,India
2021,EN,FT,Machine Learning Engineer,Machine Learning Engineering,20000,USD,20000,IN,100,IN,S,India
2021,SE,FT,Lead Data Scientist,Data Science,3000000,INR,40570,IN,50,IN,L,India
2021,MI,FT,Big Data Engineer,Data Engineering,1672000,INR,22611,IN,0,IN,L,India
2021,SE,FT,Machine Learning Engineer,Machine Learning Engineering,1799997,INR,24342,IN,100,IN,L,India
2021,MI,FT,Data Scientist,Data Science,2500000,INR,33808,IN,0,IN,M,India
2021,EN,FT,Big Data Engineer,Data Engineering,1200000,INR,16228,IN,100,IN,L,India
2021,EN,FT,Data Engineer,Data Engineering,1600000,INR,21637,IN,50,IN,M,India
2021,EN,FT,Data Scientist,Data Science,2100000,INR,28399,IN,100,IN,M,India
2021,MI,FT,Data Scientist,Data Science,1250000,INR,16904,IN,100,IN,S,India
2021,SE,FT,Machine Learning Engineer,Machine Learning Engineering,4900000,INR,66265,IN,0,IN,L,India
2021,SE,FT,Data Science Manager,Data Science,7000000,INR,94665,IN,50,IN,L,India
2022,EX,FT,Head of Machine Learning,Machine Learning Engineering,6000000,INR,79039,IN,50,IN,L,India
2022,MI,FT,Business Data Analyst,Data Analysis,1400000,INR,18442,IN,100,IN,M,India
2022,MI,FT,Data Scientist,Data Science,2400000,INR,31615,IN,100,IN,L,India
2022,EN,FT,Data Scientist,Data Science,1400000,INR,18442,IN,100,IN,M,India
2020,MI,FT,Data Analyst,Data Analysis,8000,USD,8000,PK,50,PK,L,Pakistan
2021,MI,FL,Machine Learning Scientist,Data Science,12000,USD,12000,PK,50,PK,M,Pakistan
2022,EN,FT,Data Analytics Engineer,Data Analysis,20000,USD,20000,PK,0,PK,M,Pakistan
2020,MI,FT,Machine Learning Engineer,Machine Learning Engineering,299000,CNY,43331,CN,0,CN,M,China
2021,EN,FT,Research Scientist,Research,100000,USD,100000,JE,0,CN,L,China
2020,SE,FT,Data Engineer,Data Engineering,42000,EUR,47899,GR,50,GR,L,Greece
2021,MI,FT,Data Science Engineer,Data Engineering,34000,EUR,40189,GR,100,GR,M,Greece
2022,MI,FT,ETL Developer,Data Engineering,50000,EUR,54957,GR,0,GR,M,Greece
2022,MI,FT,ETL Developer,Data Engineering,50000,EUR,54957,GR,0,GR,M,Greece
2022,MI,FT,Data Engineer,Data Engineering,60000,EUR,65949,GR,100,GR,M,Greece
2022,MI,FT,Data Engineer,Data Engineering,45000,EUR,49461,GR,100,GR,M,Greece
2022,MI,FT,Data Engineer,Data Engineering,80000,EUR,87932,GR,100,GR,M,Greece
2022,MI,FT,Data Analyst,Data Analysis,40000,EUR,43966,GR,100,GR,M,Greece
2022,MI,FT,Data Analyst,Data Analysis,30000,EUR,32974,GR,100,GR,M,Greece
2022,MI,FT,Data Engineer,Data Engineering,70000,EUR,76940,GR,100,GR,M,Greece
2022,MI,FT,Data Analyst,Data Analysis,20000,USD,20000,GR,100,GR,S,Greece
2020,MI,FT,Lead Data Scientist,Data Science,115000,USD,115000,AE,0,AE,L,United Arab Emirates
2022,SE,FT,Machine Learning Engineer,Machine Learning Engineering,120000,USD,120000,AE,100,AE,S,United Arab Emirates
2022,SE,FT,Machine Learning Engineer,Machine Learning Engineering,65000,USD,65000,AE,100,AE,S,United Arab Emirates
2020,EN,FT,Research Scientist,Research,42000,USD,42000,NL,50,NL,L,Netherlands
2021,MI,FT,Data Engineer,Data Engineering,38400,EUR,45391,NL,100,NL,L,Netherlands
2021,MI,PT,Data Engineer,Data Engineering,59000,EUR,69741,NL,100,NL,L,Netherlands
2022,SE,FT,Machine Learning Engineer,Machine Learning Engineering,57000,EUR,62651,NL,100,NL,L,Netherlands
2020,SE,FT,Data Engineer,Data Engineering,720000,MXN,33511,MX,0,MX,S,Mexico
2021,MI,FT,Data Scientist,Data Science,58000,MXN,2859,MX,0,MX,S,Mexico
2022,SE,FT,Data Science Engineer,Data Science,60000,USD,60000,AR,100,MX,L,Mexico
2020,SE,FT,Machine Learning Manager,Machine Learning Engineering,157000,CAD,117104,CA,50,CA,L,Canada
2021,MI,FT,Applied Data Scientist,Data Science,68000,CAD,54238,GB,50,CA,L,Canada
2021,MI,FT,Research Scientist,Research,235000,CAD,187442,CA,100,CA,L,Canada
2021,MI,FT,Data Scientist,Data Science,95000,CAD,75774,CA,100,CA,L,Canada
2021,SE,FT,Data Science Engineer,Data Science,159500,CAD,127221,CA,50,CA,L,Canada
2021,SE,FT,Research Scientist,Research,120500,CAD,96113,CA,50,CA,L,Canada
2021,SE,FT,Machine Learning Scientist,Data Science,225000,USD,225000,US,100,CA,L,Canada
2021,SE,FT,Data Scientist,Data Science,110000,CAD,87738,CA,100,CA,S,Canada
2021,SE,FT,Data Analyst,Data Analysis,90000,CAD,71786,CA,100,CA,M,Canada
2021,MI,FT,Research Scientist,Research,80000,CAD,63810,CA,100,CA,M,Canada
2021,SE,FT,Data Scientist,Data Science,130000,CAD,103691,CA,100,CA,L,Canada
2021,SE,FT,Big Data Architect,Data Engineering,125000,CAD,99703,CA,50,CA,M,Canada
2022,SE,FT,Data Architect,Data Engineering,192400,USD,192400,CA,100,CA,M,Canada
2022,SE,FT,Data Architect,Data Engineering,90700,USD,90700,CA,100,CA,M,Canada
2022,SE,FT,Data Analyst,Data Analysis,130000,USD,130000,CA,100,CA,M,Canada
2022,SE,FT,Data Analyst,Data Analysis,61300,USD,61300,CA,100,CA,M,Canada
2022,SE,FT,Data Analyst,Data Analysis,130000,USD,130000,CA,100,CA,M,Canada
2022,SE,FT,Data Analyst,Data Analysis,61300,USD,61300,CA,100,CA,M,Canada
2022,EX,FT,Lead Data Engineer,Data Engineering,150000,CAD,118187,CA,100,CA,S,Canada
2022,MI,FT,Machine Learning Developer,Machine Learning Engineering,100000,CAD,78791,CA,100,CA,M,Canada
2022,EX,FT,Director of Data Science,Data Science,250000,CAD,196979,CA,50,CA,L,Canada
2022,MI,FT,Principal Data Analyst,Data Analysis,75000,USD,75000,CA,100,CA,S,Canada
2022,SE,FT,Machine Learning Developer,Machine Learning Engineering,100000,CAD,78791,CA,100,CA,M,Canada
2022,EN,FT,Data Scientist,Data Science,66500,CAD,52396,CA,100,CA,L,Canada
2022,MI,FT,Business Data Analyst,Data Analysis,90000,CAD,70912,CA,50,CA,L,Canada
2022,MI,FT,Data Scientist,Data Science,88000,CAD,69336,CA,100,CA,M,Canada
2022,MI,FT,Data Analyst,Data Analysis,85000,USD,85000,CA,0,CA,M,Canada
2022,MI,FT,Data Analyst,Data Analysis,75000,USD,75000,CA,0,CA,M,Canada
2022,EN,FT,Data Analyst,Data Analysis,67000,USD,67000,CA,0,CA,M,Canada
2022,EN,FT,Data Analyst,Data Analysis,52000,USD,52000,CA,0,CA,M,Canada
2020,MI,FT,Data Engineer,Data Engineering,65000,EUR,74130,AT,50,AT,L,Austria
2020,SE,FT,Data Scientist,Data Science,80000,EUR,91237,AT,0,AT,S,Austria
2021,MI,FT,Data Scientist,Data Science,52000,EUR,61467,DE,50,AT,M,Austria
2022,MI,FT,Research Scientist,Research,59000,EUR,64849,AT,0,AT,L,Austria
2020,EN,FT,Data Analyst,Data Analysis,10000,USD,10000,NG,100,NG,S,Nigeria
2021,MI,FT,Data Scientist,Data Science,50000,USD,50000,NG,100,NG,L,Nigeria
2020,EX,FT,Data Engineering Manager,Data Engineering,70000,EUR,79833,ES,50,ES,L,Spain
2020,MI,FT,Data Scientist,Data Science,34000,EUR,38776,ES,100,ES,M,Spain
2021,MI,FT,Machine Learning Engineer,Machine Learning Engineering,40000,EUR,47282,ES,100,ES,S,Spain
2021,EN,PT,Data Analyst,Data Analysis,8760,EUR,10354,ES,50,ES,M,Spain
2021,EX,FT,Data Science Consultant,Data Science,59000,EUR,69741,FR,100,ES,S,Spain
2021,MI,FT,Data Scientist,Data Science,32000,EUR,37825,ES,100,ES,L,Spain
2021,MI,FT,Data Scientist,Data Science,39600,EUR,46809,ES,100,ES,M,Spain
2021,SE,FT,AI Scientist,Data Science,55000,USD,55000,ES,100,ES,L,Spain
2022,MI,FT,Data Engineer,Data Engineering,45000,EUR,49461,ES,100,ES,M,Spain
2022,MI,FT,Data Analyst,Data Analysis,40000,EUR,43966,ES,100,ES,M,Spain
2022,MI,FT,Data Analyst,Data Analysis,30000,EUR,32974,ES,100,ES,M,Spain
2022,MI,FT,Data Engineer,Data Engineering,80000,EUR,87932,ES,100,ES,M,Spain
2022,MI,FT,Data Engineer,Data Engineering,70000,EUR,76940,ES,100,ES,M,Spain
2022,MI,FT,Data Engineer,Data Engineering,60000,EUR,65949,ES,100,ES,M,Spain
2020,MI,FT,Machine Learning Infrastructure Engineer,Machine Learning Engineering,44000,EUR,50180,PT,0,PT,M,Portugal
2021,SE,FT,Research Scientist,Research,51400,EUR,60757,PT,50,PT,L,Portugal
2022,EN,FT,ML Engineer,Machine Learning Engineering,20000,EUR,21983,PT,100,PT,L,Portugal
2022,MI,FT,Machine Learning Infrastructure Engineer,Machine Learning Engineering,53000,EUR,58255,PT,50,PT,L,Portugal
2020,EN,FT,AI Scientist,Data Science,300000,DKK,45896,DK,50,DK,S,Denmark
2021,SE,FT,Marketing Data Analyst,Data Analysis,75000,EUR,88654,GR,100,DK,L,Denmark
2021,EN,PT,Computer Vision Engineer,Machine Learning Engineering,180000,DKK,28609,DK,50,DK,S,Denmark
2020,EN,PT,Data Scientist,Data Science,19000,EUR,21669,IT,50,IT,S,Italy
2021,MI,FT,Machine Learning Engineer,Machine Learning Engineering,43200,EUR,51064,IT,50,IT,L,Italy
2020,SE,FT,Machine Learning Engineer,Machine Learning Engineering,40000,EUR,45618,HR,100,HR,S,Croatia
2020,MI,FT,Data Scientist,Data Science,55000,EUR,62726,FR,50,LU,S,Luxembourg
2021,EN,FT,Business Data Analyst,Data Analysis,50000,EUR,59102,LU,100,LU,L,Luxembourg
2022,EN,FT,Computer Vision Engineer,Machine Learning Engineering,10000,USD,10000,PT,100,LU,M,Luxembourg
2021,EX,FT,Director of Data Science,Data Science,130000,EUR,153667,IT,100,PL,L,Poland
2021,MI,FT,Data Engineer,Data Engineering,110000,PLN,28476,PL,100,PL,L,Poland
2021,MI,FT,Machine Learning Engineer,Machine Learning Engineering,180000,PLN,46597,PL,100,PL,L,Poland
2022,MI,FT,Data Scientist,Data Science,150000,PLN,35590,PL,100,PL,L,Poland
2021,MI,FT,Cloud Data Engineer,Data Engineering,120000,SGD,89294,SG,50,SG,L,Singapore
2021,MI,FT,Big Data Engineer,Data Engineering,60000,USD,60000,ES,50,RO,M,Romania
2021,EN,FT,Machine Learning Developer,Machine Learning Engineering,100000,USD,100000,IQ,50,IQ,S,Iraq
2021,SE,FT,Computer Vision Engineer,Machine Learning Engineering,24000,USD,24000,BR,100,BR,M,Brazil
2021,MI,FT,Data Scientist,Data Science,69600,BRL,12901,BR,0,BR,S,Brazil
2021,SE,FT,Computer Vision Engineer,Machine Learning Engineering,102000,BRL,18907,BR,0,BR,M,Brazil
2021,SE,FT,Machine Learning Engineer,Machine Learning Engineering,70000,EUR,82744,BE,50,BE,M,Belgium
2021,MI,FT,Machine Learning Engineer,Machine Learning Engineering,75000,EUR,88654,BE,100,BE,M,Belgium
2021,EN,FT,Data Scientist,Data Science,13400,USD,13400,UA,100,UA,L,Ukraine
2021,MI,FT,Data Scientist,Data Science,160000,SGD,119059,SG,100,IL,M,Israel
2021,EX,FT,Head of Data,Data Engineering,230000,USD,230000,RU,50,RU,L,Russian Federation
2021,EX,FT,Head of Data Science,Data Science,85000,USD,85000,RU,0,RU,M,Russian Federation
2021,MI,FT,Data Engineer,Data Engineering,24000,EUR,28369,MT,50,MT,L,Malta
2021,MI,FT,Data Scientist,Data Science,30400000,CLP,40038,CL,100,CL,L,Chile
2021,MI,FT,Data Engineer,Data Engineering,4000,USD,4000,IR,100,IR,M,"Iran, Islamic Republic of"
2021,EN,FT,Machine Learning Engineer,Machine Learning Engineering,21844,USD,21844,CO,50,CO,M,Colombia
2021,MI,FT,Big Data Engineer,Data Engineering,18000,USD,18000,MD,0,MD,S,"Moldova, Republic of"
2021,EN,FT,BI Data Analyst,Data Analysis,9272,USD,9272,KE,100,KE,S,Kenya
2021,MI,FT,Machine Learning Engineer,Machine Learning Engineering,21000,EUR,24823,SI,50,SI,L,Slovenia
2021,SE,FT,Head of Data,Data Science,87000,EUR,102839,SI,100,SI,L,Slovenia
2021,EN,FT,Big Data Engineer,Data Engineering,435000,INR,5882,IN,0,CH,L,Switzerland
2022,MI,FT,Data Scientist,Data Science,115000,CHF,122346,CH,0,CH,L,Switzerland
2021,EN,FT,Data Scientist,Data Science,4000,USD,4000,VN,0,VN,M,Viet Nam
2021,EN,FT,AI Scientist,Data Science,1335000,INR,18053,IN,100,AS,S,American Samoa
2021,MI,FT,Data Engineer,Data Engineering,108000,TRY,12103,TR,0,TR,M,Turkey
2021,MI,FT,Data Engineer,Data Engineering,250000,TRY,28016,TR,100,TR,M,Turkey
2021,SE,FT,Data Scientist,Data Science,180000,TRY,20171,TR,50,TR,L,Turkey
2021,MI,FT,Research Scientist,Research,69999,USD,69999,CZ,50,CZ,L,Czech Republic
2022,EN,CT,Applied Machine Learning Scientist,Data Science,29000,EUR,31875,TN,100,CZ,M,Czech Republic
2022,EN,PT,Data Scientist,Data Science,100000,USD,100000,DZ,50,DZ,M,Algeria
2022,MI,FT,Head of Data,Data Science,30000,EUR,32974,EE,100,EE,S,Estonia
2022,EN,FT,Data Scientist,Data Science,40000,USD,40000,JP,100,MY,L,Malaysia
2022,MI,FT,Machine Learning Engineer,Machine Learning Engineering,121000,AUD,87425,AU,100,AU,L,Australia
2022,EN,FT,Data Scientist,Data Science,120000,AUD,86703,AU,50,AU,M,Australia
2022,EN,FT,Computer Vision Software Engineer,Machine Learning Engineering,150000,USD,150000,AU,100,AU,S,Australia
2022,SE,FT,Machine Learning Engineer,Machine Learning Engineering,65000,EUR,71444,IE,100,IE,S,Ireland
